<?xml version="1.0" encoding="UTF-8"?>
<project-private xmlns="http://www.netbeans.org/ns/project-private/1">
    <editor-bookmarks xmlns="http://www.netbeans.org/ns/editor-bookmarks/2" lastBookmarkId="0"/>
    <open-files xmlns="http://www.netbeans.org/ns/projectui-open-files/2">
        <group>
            <file>file:/D:/Documents/NetBeansProjects/PA_PBO/src/com/mycompany/tesprojekakhir/CRUD_Kamus.java</file>
            <file>file:/D:/Documents/NetBeansProjects/PA_PBO/src/com/mycompany/tesprojekakhir/menu_login.java</file>
            <file>file:/D:/Documents/NetBeansProjects/PA_PBO/src/com/mycompany/tesprojekakhir/Login.java</file>
            <file>file:/D:/Documents/NetBeansProjects/PA_PBO/src/com/mycompany/tesprojekakhir/CRUD_Pelajaran.java</file>
            <file>file:/D:/Documents/NetBeansProjects/PA_PBO/src/com/mycompany/tesprojekakhir/CRUD_Novel.java</file>
        </group>
    </open-files>
</project-private>
